{
  "0": 0.2911566,
  "1": 15.1038357,
  "2": 8.0014429,
  "3": 6.2724523,
  "4": 0.8231744
}
